epoch,loss_d,loss_g
0,0.4687665570903845,2.2440097431216297
1,0.5070437360284303,1.8631310531291794
